Workbook
Name NativeTimeline_OrderDate: #N/A
Name Slicer_Zone: #N/A

Sheet Restaurants
A1: Restaurants Reference Sheet
A3: RestaurantID | B3: RestaurantName | C3: Zone | D3: Category | E3: AvgRating
A4: R001 | B4: Spice Route | C4: North | D4: Cloud Kitchen | E4: 4.2
A5: R002 | B5: Urban Tadka | C5: South | D5: Dine-in | E5: 3.2
A6: R003 | B6: Noodle Bar | C6: East | D6: QSR | E6: 3.6
A7: R004 | B7: Taco Fiesta | C7: West | D7: Cloud Kitchen | E7: 3.6
A8: R005 | B8: Pizza Corner | C8: Central | D8: Dine-in | E8: 4.4
A9: R006 | B9: Curry House | C9: North | D9: QSR | E9: 4.3
A10: R007 | B10: Wok This Way | C10: South | D10: Cloud Kitchen | E10: 4.6
A11: R008 | B11: El Sombrero | C11: East | D11: Dine-in | E11: 3.3
A12: R009 | B12: Roma's Kitchen | C12: West | D12: QSR | E12: 3.9
A13: R010 | B13: Dragon Wok | C13: Central | D13: Cloud Kitchen | E13: 3.2
A14: R011 | B14: Bombay Bites | C14: North | D14: Dine-in | E14: 3.5
A15: R012 | B15: La Pasta | C15: South | D15: QSR | E15: 4
... A18: R015 | B18: Salsa Nights | C18: Central | D18: QSR | E18: 4.2

Sheet Orders
A1: tblOrders
A3: OrderID | B3: RestaurantID | C3: Cuisine | D3: Zone | E3: OrderDate | F3: DeliveryTime | G3: Rating | H3: Revenue | I3: Status | J3: RestaurantName | K3: Category
A4: CO0001 | B4: R009 | C4: Mexican | D4: South | E4: 46080 | F4: 47 | G4: 1 | H4: 1704 | I4: Delivered | J4: =IFERROR(INDEX(tblRestaurants[RestaurantName],MATCH(B4,tblRestaurants[RestaurantID],0)),"Unknown") -> Roma's Kitchen | K4: =IFERROR(INDEX(tblRestaurants[Category],MATCH(B4,tblRestaurants[RestaurantID],0)),"Unknown") -> QSR
A5: CO0002 | B5: R012 | C5: Mexican | D5: East | E5: 46058 | F5: 31 | G5: 2 | H5: 1713 | I5: Delivered | J5: =IFERROR(INDEX(tblRestaurants[RestaurantName],MATCH(B5,tblRestaurants[RestaurantID],0)),"Unknown") -> La Pasta | K5: =IFERROR(INDEX(tblRestaurants[Category],MATCH(B5,tblRestaurants[RestaurantID],0)),"Unknown") -> QSR
A6: CO0003 | B6: R002 | C6: Indian | D6: West | E6: 46035 | F6: 57 | G6: 3 | H6: 1386 | I6: Delivered | J6: =IFERROR(INDEX(tblRestaurants[RestaurantName],MATCH(B6,tblRestaurants[RestaurantID],0)),"Unknown") -> Urban Tadka | K6: =IFERROR(INDEX(tblRestaurants[Category],MATCH(B6,tblRestaurants[RestaurantID],0)),"Unknown") -> Dine-in
A7: CO0004 | B7: R013 | C7: Indian | D7: West | E7: 46091 | F7: 27 | G7: 4 | H7: 311 | I7: Delayed | J7: =IFERROR(INDEX(tblRestaurants[RestaurantName],MATCH(B7,tblRestaurants[RestaurantID],0)),"Unknown") -> Sizzling Spice | K7: =IFERROR(INDEX(tblRestaurants[Category],MATCH(B7,tblRestaurants[RestaurantID],0)),"Unknown") -> Cloud Kitchen
A8: CO0005 | B8: R005 | C8: Italian | D8: Central | E8: 46047 | F8: 20 | G8: 1 | H8: 1504 | I8: Delivered | J8: =IFERROR(INDEX(tblRestaurants[RestaurantName],MATCH(B8,tblRestaurants[RestaurantID],0)),"Unknown") -> Pizza Corner | K8: =IFERROR(INDEX(tblRestaurants[Category],MATCH(B8,tblRestaurants[RestaurantID],0)),"Unknown") -> Dine-in
A9: CO0006 | B9: R013 | C9: Italian | D9: North | E9: 46052 | F9: 24 | G9: 4 | H9: 719 | I9: Delayed | J9: =IFERROR(INDEX(tblRestaurants[RestaurantName],MATCH(B9,tblRestaurants[RestaurantID],0)),"Unknown") -> Sizzling Spice | K9: =IFERROR(INDEX(tblRestaurants[Category],MATCH(B9,tblRestaurants[RestaurantID],0)),"Unknown") -> Cloud Kitchen
A10: CO0007 | B10: R011 | C10: Italian | D10: South | E10: 46070 | F10: 57 | G10: 2 | H10: 1522 | I10: Delivered | J10: =IFERROR(INDEX(tblRestaurants[RestaurantName],MATCH(B10,tblRestaurants[RestaurantID],0)),"Unknown") -> Bombay Bites | K10: =IFERROR(INDEX(tblRestaurants[Category],MATCH(B10,tblRestaurants[RestaurantID],0)),"Unknown") -> Dine-in
A11: CO0008 | B11: R012 | C11: Indian | D11: Central | E11: 46104 | F11: 33 | G11: 5 | H11: 1643 | I11: Delivered | J11: =IFERROR(INDEX(tblRestaurants[RestaurantName],MATCH(B11,tblRestaurants[RestaurantID],0)),"Unknown") -> La Pasta | K11: =IFERROR(INDEX(tblRestaurants[Category],MATCH(B11,tblRestaurants[RestaurantID],0)),"Unknown") -> QSR
A12: CO0009 | B12: R003 | C12: Mexican | D12: West | E12: 46057 | F12: 40 | G12: 3 | H12: 1723 | I12: Delivered | J12: =IFERROR(INDEX(tblRestaurants[RestaurantName],MATCH(B12,tblRestaurants[RestaurantID],0)),"Unknown") -> Noodle Bar | K12: =IFERROR(INDEX(tblRestaurants[Category],MATCH(B12,tblRestaurants[RestaurantID],0)),"Unknown") -> QSR
A13: CO0010 | B13: R004 | C13: Indian | D13: East | E13: 46074 | F13: 46 | G13: 1 | H13: 582 | I13: Cancelled | J13: =IFERROR(INDEX(tblRestaurants[RestaurantName],MATCH(B13,tblRestaurants[RestaurantID],0)),"Unknown") -> Taco Fiesta | K13: =IFERROR(INDEX(tblRestaurants[Category],MATCH(B13,tblRestaurants[RestaurantID],0)),"Unknown") -> Cloud Kitchen
A14: CO0011 | B14: R015 | C14: Italian | D14: South | E14: 46106 | F14: 75 | G14: 4 | H14: 1466 | I14: Delayed | J14: =IFERROR(INDEX(tblRestaurants[RestaurantName],MATCH(B14,tblRestaurants[RestaurantID],0)),"Unknown") -> Salsa Nights | K14: =IFERROR(INDEX(tblRestaurants[Category],MATCH(B14,tblRestaurants[RestaurantID],0)),"Unknown") -> QSR
A15: CO0012 | B15: R003 | C15: Italian | D15: South | E15: 46054 | F15: 45 | G15: 5 | H15: 1027 | I15: Cancelled | J15: =IFERROR(INDEX(tblRestaurants[RestaurantName],MATCH(B15,tblRestaurants[RestaurantID],0)),"Unknown") -> Noodle Bar | K15: =IFERROR(INDEX(tblRestaurants[Category],MATCH(B15,tblRestaurants[RestaurantID],0)),"Unknown") -> QSR
... A133: CO0130 | B133: R014 | C133: Chinese | D133: West | E133: 46091 | F133: 73 | G133: 3 | H133: 830 | I133: Delayed | J133: =IFERROR(INDEX(tblRestaurants[RestaurantName],MATCH(B133,tblRestaurants[RestaurantID],0)),"Unknown") -> Green Chilli | K133: =IFERROR(INDEX(tblRestaurants[Category],MATCH(B133,tblRestaurants[RestaurantID],0)),"Unknown") -> Dine-in
A135: Lookup note: RestaurantName/Category use INDEX-MATCH wrapped in IFERROR (functionally identical to XLOOKUP's if_not_found behaviour and verifiable in every Excel version) — the equivalent live XLOOKUP formula is: =XLOOKUP(B4,tblRestaurants[RestaurantID],tblRestaurants[RestaurantName],"Unknown"). Both return "Unknown" instead of #N/A for any RestaurantID missing from the Restaurants sheet.

Sheet Zone Stats
A1: Zone Stats — DeliveryTime & Revenue by Zone
A3: Zone | B3: Mean DeliveryTime | C3: Median DeliveryTime | D3: StDev DeliveryTime | E3: Mean Revenue | F3: Median Revenue | G3: StDev Revenue | H3: Above Overall Median DeliveryTime?
A4: North | B4: =AVERAGEIF(Orders!$D$4:$D$133,A4,Orders!$F$4:$F$133) -> 44 | C4: {=MEDIAN(IF(Orders!$D$4:$D$133=A4,Orders!$F$4:$F$133))} -> 45 | D4: {=STDEV(IF(Orders!$D$4:$D$133=A4,Orders!$F$4:$F$133))} -> 16.506197 | E4: =AVERAGEIF(Orders!$D$4:$D$133,A4,Orders!$H$4:$H$133) -> 1023.4348 | F4: {=MEDIAN(IF(Orders!$D$4:$D$133=A4,Orders!$H$4:$H$133))} -> 1010 | G4: {=STDEV(IF(Orders!$D$4:$D$133=A4,Orders!$H$4:$H$133))} -> 524.9237 | H4: =IF(B4>$B10,"Yes - Above Median","No") -> Yes - Above Median
A5: South | B5: =AVERAGEIF(Orders!$D$4:$D$133,A5,Orders!$F$4:$F$133) -> 39.269231 | C5: {=MEDIAN(IF(Orders!$D$4:$D$133=A5,Orders!$F$4:$F$133))} -> 40.5 | D5: {=STDEV(IF(Orders!$D$4:$D$133=A5,Orders!$F$4:$F$133))} -> 17.455217 | E5: =AVERAGEIF(Orders!$D$4:$D$133,A5,Orders!$H$4:$H$133) -> 1049.1154 | F5: {=MEDIAN(IF(Orders!$D$4:$D$133=A5,Orders!$H$4:$H$133))} -> 1012.5 | G5: {=STDEV(IF(Orders!$D$4:$D$133=A5,Orders!$H$4:$H$133))} -> 461.65522 | H5: =IF(B5>$B10,"Yes - Above Median","No") -> No
A6: East | B6: =AVERAGEIF(Orders!$D$4:$D$133,A6,Orders!$F$4:$F$133) -> 42.733333 | C6: {=MEDIAN(IF(Orders!$D$4:$D$133=A6,Orders!$F$4:$F$133))} -> 44 | D6: {=STDEV(IF(Orders!$D$4:$D$133=A6,Orders!$F$4:$F$133))} -> 17.82082 | E6: =AVERAGEIF(Orders!$D$4:$D$133,A6,Orders!$H$4:$H$133) -> 993.43333 | F6: {=MEDIAN(IF(Orders!$D$4:$D$133=A6,Orders!$H$4:$H$133))} -> 1085 | G6: {=STDEV(IF(Orders!$D$4:$D$133=A6,Orders!$H$4:$H$133))} -> 480.34461 | H6: =IF(B6>$B10,"Yes - Above Median","No") -> Yes - Above Median
A7: West | B7: =AVERAGEIF(Orders!$D$4:$D$133,A7,Orders!$F$4:$F$133) -> 44.703704 | C7: {=MEDIAN(IF(Orders!$D$4:$D$133=A7,Orders!$F$4:$F$133))} -> 40 | D7: {=STDEV(IF(Orders!$D$4:$D$133=A7,Orders!$F$4:$F$133))} -> 19.471507 | E7: =AVERAGEIF(Orders!$D$4:$D$133,A7,Orders!$H$4:$H$133) -> 1044.2222 | F7: {=MEDIAN(IF(Orders!$D$4:$D$133=A7,Orders!$H$4:$H$133))} -> 1085 | G7: {=STDEV(IF(Orders!$D$4:$D$133=A7,Orders!$H$4:$H$133))} -> 479.25313 | H7: =IF(B7>$B10,"Yes - Above Median","No") -> Yes - Above Median
A8: Central | B8: =AVERAGEIF(Orders!$D$4:$D$133,A8,Orders!$F$4:$F$133) -> 41.166667 | C8: {=MEDIAN(IF(Orders!$D$4:$D$133=A8,Orders!$F$4:$F$133))} -> 38 | D8: {=STDEV(IF(Orders!$D$4:$D$133=A8,Orders!$F$4:$F$133))} -> 20.378306 | E8: =AVERAGEIF(Orders!$D$4:$D$133,A8,Orders!$H$4:$H$133) -> 1050.2917 | F8: {=MEDIAN(IF(Orders!$D$4:$D$133=A8,Orders!$H$4:$H$133))} -> 1042.5 | G8: {=STDEV(IF(Orders!$D$4:$D$133=A8,Orders!$H$4:$H$133))} -> 542.7969 | H8: =IF(B8>$B10,"Yes - Above Median","No") -> No
A10: Overall Median DeliveryTime (all zones) | B10: =MEDIAN(Orders!$F$4:$F$133) -> 42

Sheet INTERACTIVE_DASHBOARD
A1: Food Delivery Operations Dashboard
A3: Sum of Revenue | B3: Column Labels | E3: Row Labels | F3: Count of OrderID
A4: Row Labels | B4: Central | C4: Grand Total | E4: Jan | F4: 10
A5: Chinese | B5: 4468 | C5: 4468 | E5: Feb | F5: 4
A6: Indian | B6: 8030 | C6: 8030 | E6: Mar | F6: 10
A7: Italian | B7: 8142 | C7: 8142 | E7: Grand Total | F7: 24
A8: Mexican | B8: 4567 | C8: 4567
A9: Grand Total | B9: 25207 | C9: 25207

Sheet Dashboard
A1: Food Delivery Operations Dashboard
A4: Zone Filter: | B4: All | D4: Status Filter: | E4: All
A6: Total Revenue | E6: Average Customer Rating | I6: On-Time Delivery %
A7: =SUMIFS(Orders!$H$4:$H$133,Orders!$D$4:$D$133,IF($B$4="All","*",$B$4),Orders!$I$4:$I$133,IF($E$4="All","*",$E$4)) -> 134020 | E7: =AVERAGEIFS(Orders!$G$4:$G$133,Orders!$D$4:$D$133,IF($B$4="All","*",$B$4),Orders!$I$4:$I$133,IF($E$4="All","*",$E$4)) -> 3.1538462 | I7: =COUNTIFS(Orders!$I$4:$I$133,"Delivered",Orders!$F$4:$F$133,"<=40",Orders!$D$4:$D$133,IF($B$4="All","*",$B$4))/COUNTIFS(Orders!$D$4:$D$133,IF($B$4="All","*",$B$4)) -> 0.33076923
A11: Revenue by Cuisine x Zone
A12: Cuisine | B12: North | C12: South | D12: East | E12: West | F12: Central | G12: Grand Total | I12: Order Count by Month
A13: Indian | B13: =SUMIFS(Orders!$H$4:$H$133,Orders!$C$4:$C$133,$A13,Orders!$D$4:$D$133,B$12,Orders!$I$4:$I$133,IF($E$4="All","*",$E$4)) -> 2251 | C13: =SUMIFS(Orders!$H$4:$H$133,Orders!$C$4:$C$133,$A13,Orders!$D$4:$D$133,C$12,Orders!$I$4:$I$133,IF($E$4="All","*",$E$4)) -> 6521 | D13: =SUMIFS(Orders!$H$4:$H$133,Orders!$C$4:$C$133,$A13,Orders!$D$4:$D$133,D$12,Orders!$I$4:$I$133,IF($E$4="All","*",$E$4)) -> 4207 | E13: =SUMIFS(Orders!$H$4:$H$133,Orders!$C$4:$C$133,$A13,Orders!$D$4:$D$133,E$12,Orders!$I$4:$I$133,IF($E$4="All","*",$E$4)) -> 6094 | F13: =SUMIFS(Orders!$H$4:$H$133,Orders!$C$4:$C$133,$A13,Orders!$D$4:$D$133,F$12,Orders!$I$4:$I$133,IF($E$4="All","*",$E$4)) -> 8030 | G13: =SUM(B13:F13) -> 27103 | I13: Month | J13: Order Count
A14: Chinese | B14: =SUMIFS(Orders!$H$4:$H$133,Orders!$C$4:$C$133,$A14,Orders!$D$4:$D$133,B$12,Orders!$I$4:$I$133,IF($E$4="All","*",$E$4)) -> 2818 | C14: =SUMIFS(Orders!$H$4:$H$133,Orders!$C$4:$C$133,$A14,Orders!$D$4:$D$133,C$12,Orders!$I$4:$I$133,IF($E$4="All","*",$E$4)) -> 5065 | D14: =SUMIFS(Orders!$H$4:$H$133,Orders!$C$4:$C$133,$A14,Orders!$D$4:$D$133,D$12,Orders!$I$4:$I$133,IF($E$4="All","*",$E$4)) -> 9829 | E14: =SUMIFS(Orders!$H$4:$H$133,Orders!$C$4:$C$133,$A14,Orders!$D$4:$D$133,E$12,Orders!$I$4:$I$133,IF($E$4="All","*",$E$4)) -> 4925 | F14: =SUMIFS(Orders!$H$4:$H$133,Orders!$C$4:$C$133,$A14,Orders!$D$4:$D$133,F$12,Orders!$I$4:$I$133,IF($E$4="All","*",$E$4)) -> 4468 | G14: =SUM(B14:F14) -> 27105 | I14: 2026-01 | J14: =SUMPRODUCT((TEXT(Orders!$E$4:$E$133,"YYYY-MM")=I14)*((Orders!$D$4:$D$133=IF($B$4="All",Orders!$D$4:$D$133,$B$4)))) -> 49
A15: Italian | B15: =SUMIFS(Orders!$H$4:$H$133,Orders!$C$4:$C$133,$A15,Orders!$D$4:$D$133,B$12,Orders!$I$4:$I$133,IF($E$4="All","*",$E$4)) -> 9081 | C15: =SUMIFS(Orders!$H$4:$H$133,Orders!$C$4:$C$133,$A15,Orders!$D$4:$D$133,C$12,Orders!$I$4:$I$133,IF($E$4="All","*",$E$4)) -> 10109 | D15: =SUMIFS(Orders!$H$4:$H$133,Orders!$C$4:$C$133,$A15,Orders!$D$4:$D$133,D$12,Orders!$I$4:$I$133,IF($E$4="All","*",$E$4)) -> 5418 | E15: =SUMIFS(Orders!$H$4:$H$133,Orders!$C$4:$C$133,$A15,Orders!$D$4:$D$133,E$12,Orders!$I$4:$I$133,IF($E$4="All","*",$E$4)) -> 7914 | F15: =SUMIFS(Orders!$H$4:$H$133,Orders!$C$4:$C$133,$A15,Orders!$D$4:$D$133,F$12,Orders!$I$4:$I$133,IF($E$4="All","*",$E$4)) -> 8142 | G15: =SUM(B15:F15) -> 40664 | I15: 2026-02 | J15: =SUMPRODUCT((TEXT(Orders!$E$4:$E$133,"YYYY-MM")=I15)*((Orders!$D$4:$D$133=IF($B$4="All",Orders!$D$4:$D$133,$B$4)))) -> 36
A16: Mexican | B16: =SUMIFS(Orders!$H$4:$H$133,Orders!$C$4:$C$133,$A16,Orders!$D$4:$D$133,B$12,Orders!$I$4:$I$133,IF($E$4="All","*",$E$4)) -> 9389 | C16: =SUMIFS(Orders!$H$4:$H$133,Orders!$C$4:$C$133,$A16,Orders!$D$4:$D$133,C$12,Orders!$I$4:$I$133,IF($E$4="All","*",$E$4)) -> 5582 | D16: =SUMIFS(Orders!$H$4:$H$133,Orders!$C$4:$C$133,$A16,Orders!$D$4:$D$133,D$12,Orders!$I$4:$I$133,IF($E$4="All","*",$E$4)) -> 10349 | E16: =SUMIFS(Orders!$H$4:$H$133,Orders!$C$4:$C$133,$A16,Orders!$D$4:$D$133,E$12,Orders!$I$4:$I$133,IF($E$4="All","*",$E$4)) -> 9261 | F16: =SUMIFS(Orders!$H$4:$H$133,Orders!$C$4:$C$133,$A16,Orders!$D$4:$D$133,F$12,Orders!$I$4:$I$133,IF($E$4="All","*",$E$4)) -> 4567 | G16: =SUM(B16:F16) -> 39148 | I16: 2026-03 | J16: =SUMPRODUCT((TEXT(Orders!$E$4:$E$133,"YYYY-MM")=I16)*((Orders!$D$4:$D$133=IF($B$4="All",Orders!$D$4:$D$133,$B$4)))) -> 45
A17: Grand Total | B17: =SUM(B13:B16) -> 23539 | C17: =SUM(C13:C16) -> 27277 | D17: =SUM(D13:D16) -> 29803 | E17: =SUM(E13:E16) -> 28194 | F17: =SUM(F13:F16) -> 25207 | G17: =SUM(G13:G16) -> 134020
A37: Order Count by Month
A38: Month | B38: Order Count
A39: 2026-01 | B39: =SUMPRODUCT((TEXT(Orders!$E$4:$E$133,"YYYY-MM")=A39)*((Orders!$D$4:$D$133=IF($B$4="All",Orders!$D$4:$D$133,$B$4)))) -> 49
A40: 2026-02 | B40: =SUMPRODUCT((TEXT(Orders!$E$4:$E$133,"YYYY-MM")=A40)*((Orders!$D$4:$D$133=IF($B$4="All",Orders!$D$4:$D$133,$B$4)))) -> 36
A41: 2026-03 | B41: =SUMPRODUCT((TEXT(Orders!$E$4:$E$133,"YYYY-MM")=A41)*((Orders!$D$4:$D$133=IF($B$4="All",Orders!$D$4:$D$133,$B$4)))) -> 45
